{
  "betti_0": 1,
  "betti_1": 713,
  "persistence_pairs": [
    [
      0.0,
      0.4400749486346228
    ],
    [
      0.0,
      0.4400749486346229
    ],
    [
      0.0,
      0.44007494863462293
    ],
    [
      0.0,
      0.440074948634623
    ],
    [
      0.0,
      0.440074948634623
    ],
    [
      0.0,
      0.5356960785053911
    ],
    [
      0.0,
      0.5974517006493245
    ],
    [
      0.0,
      0.7770499345910848
    ],
    [
      0.0,
      0.803643794789868
    ],
    [
      0.0,
      0.8532360034644108
    ],
    [
      0.0,
      0.8680391287709875
    ],
    [
      0.0,
      0.8891930381541024
    ],
    [
      0.0,
      0.9172970266437487
    ],
    [
      0.0,
      0.94559003299944
    ],
    [
      0.0,
      1.1118805498981212
    ],
    [
      0.0,
      1.123209352709565
    ],
    [
      0.0,
      1.1550934197248497
    ],
    [
      0.0,
      1.2036831223808215
    ],
    [
      0.0,
      1.220422761670408
    ],
    [
      0.0,
      1.2368634906394729
    ],
    [
      0.0,
      1.2511928185704648
    ],
    [
      0.0,
      1.3458757184786225
    ],
    [
      0.0,
      1.367060673809879
    ],
    [
      0.0,
      1.509428397039015
    ],
    [
      0.0,
      1.5188349452438548
    ],
    [
      0.0,
      1.5503550234265422
    ],
    [
      0.0,
      1.5530790181908238
    ],
    [
      0.0,
      1.6474724366772455
    ],
    [
      0.0,
      1.7090617060841025
    ],
    [
      0.0,
      1.7871255695231942
    ],
    [
      0.0,
      1.8274837395345043
    ],
    [
      0.0,
      1.8868130768940865
    ],
    [
      0.0,
      1.9403684777019834
    ],
    [
      0.0,
      2.3309525261754698
    ],
    [
      0.0,
      2.4412747563953467
    ],
    [
      0.0,
      2.4826502394457974
    ],
    [
      0.0,
      2.503127626416321
    ],
    [
      0.0,
      2.5805932574587067
    ],
    [
      0.0,
      2.5928584267566164
    ],
    [
      0.0,
      2.6744733172641855
    ],
    [
      0.0,
      2.9469551612129647
    ],
    [
      0.0,
      3.052119588975879
    ],
    [
      0.0,
      3.0553304627827402
    ],
    [
      0.0,
      3.1094024326849765
    ],
    [
      0.0,
      3.139587205746448
    ],
    [
      0.0,
      3.214548837720576
    ],
    [
      0.0,
      3.224318843381944
    ],
    [
      0.0,
      3.3034261133754916
    ],
    [
      0.0,
      3.984529887427309
    ]
  ],
  "filtration_max": 5.0795361214701025
}