{
  "betti_0": 1,
  "betti_1": 745,
  "persistence_pairs": [
    [
      0.0,
      0.4805695924355332
    ],
    [
      0.0,
      0.6684881296822001
    ],
    [
      0.0,
      0.7474768788347216
    ],
    [
      0.0,
      0.8472055122491471
    ],
    [
      0.0,
      0.9149509030075134
    ],
    [
      0.0,
      0.9328644778332894
    ],
    [
      0.0,
      0.990605073015451
    ],
    [
      0.0,
      0.9970786093289609
    ],
    [
      0.0,
      1.018076495040128
    ],
    [
      0.0,
      1.0817567156788033
    ],
    [
      0.0,
      1.1091966916763014
    ],
    [
      0.0,
      1.125494474161615
    ],
    [
      0.0,
      1.148423288223399
    ],
    [
      0.0,
      1.2656099725822216
    ],
    [
      0.0,
      1.2853274391433291
    ],
    [
      0.0,
      1.3247345635372934
    ],
    [
      0.0,
      1.3451407162173261
    ],
    [
      0.0,
      1.4278584380479127
    ],
    [
      0.0,
      1.4723733645956902
    ],
    [
      0.0,
      1.4836431586591623
    ],
    [
      0.0,
      1.494157836772218
    ],
    [
      0.0,
      1.5073906222200115
    ],
    [
      0.0,
      1.5633409895458592
    ],
    [
      0.0,
      1.5806900275463658
    ],
    [
      0.0,
      1.5892547365419771
    ],
    [
      0.0,
      1.5937315302811992
    ],
    [
      0.0,
      1.7818441670943335
    ],
    [
      0.0,
      1.7910461539198996
    ],
    [
      0.0,
      2.0079721599290146
    ],
    [
      0.0,
      2.056206133771712
    ],
    [
      0.0,
      2.0564672938848747
    ],
    [
      0.0,
      2.088424710433413
    ],
    [
      0.0,
      2.147500408717869
    ],
    [
      0.0,
      2.2061488245957848
    ],
    [
      0.0,
      2.415837977554349
    ],
    [
      0.0,
      2.4603358471364234
    ],
    [
      0.0,
      2.502983996561707
    ],
    [
      0.0,
      2.553293622838516
    ],
    [
      0.0,
      2.5952591627362827
    ],
    [
      0.0,
      2.7199261458566073
    ],
    [
      0.0,
      2.732572374483071
    ],
    [
      0.0,
      2.8065872649652035
    ],
    [
      0.0,
      2.8953273335712337
    ],
    [
      0.0,
      3.3334614799723097
    ],
    [
      0.0,
      3.3596980464289348
    ],
    [
      0.0,
      3.7171136449864894
    ],
    [
      0.0,
      3.9508219157002866
    ],
    [
      0.0,
      4.37611456292678
    ],
    [
      0.0,
      4.674371406143986
    ]
  ],
  "filtration_max": 5.53672333710479
}