{
  "betti_0": 2,
  "betti_1": 611,
  "persistence_pairs": [
    [
      0.0,
      0.570548248963518
    ],
    [
      0.0,
      0.7300794122177134
    ],
    [
      0.0,
      1.0743438791310909
    ],
    [
      0.0,
      1.115504952241607
    ],
    [
      0.0,
      1.1518341588415504
    ],
    [
      0.0,
      1.1924880181634032
    ],
    [
      0.0,
      1.2070826319951675
    ],
    [
      0.0,
      1.2687144996560062
    ],
    [
      0.0,
      1.2985661181205386
    ],
    [
      0.0,
      1.3272525856502937
    ],
    [
      0.0,
      1.330983726865286
    ],
    [
      0.0,
      1.3313625831967253
    ],
    [
      0.0,
      1.3856711994127242
    ],
    [
      0.0,
      1.4098810951934202
    ],
    [
      0.0,
      1.4424521577802927
    ],
    [
      0.0,
      1.446027150500781
    ],
    [
      0.0,
      1.4525476123707342
    ],
    [
      0.0,
      1.472524479505852
    ],
    [
      0.0,
      1.4907046388958989
    ],
    [
      0.0,
      1.5251195470076664
    ],
    [
      0.0,
      1.5500330893186154
    ],
    [
      0.0,
      1.5629713434017438
    ],
    [
      0.0,
      1.591545144865254
    ],
    [
      0.0,
      1.639203296678976
    ],
    [
      0.0,
      1.6479522188263724
    ],
    [
      0.0,
      1.6608302946920666
    ],
    [
      0.0,
      1.7169557250952523
    ],
    [
      0.0,
      1.7184427826726438
    ],
    [
      0.0,
      1.7512801352824037
    ],
    [
      0.0,
      1.7670687663729436
    ],
    [
      0.0,
      1.7721891562397638
    ],
    [
      0.0,
      1.7738276794741588
    ],
    [
      0.0,
      1.8216414384401431
    ],
    [
      0.0,
      1.8368656853060106
    ],
    [
      0.0,
      1.8846235999753322
    ],
    [
      0.0,
      1.990315933543333
    ],
    [
      0.0,
      1.9963325820227038
    ],
    [
      0.0,
      2.12873682593778
    ],
    [
      0.0,
      2.145098426603315
    ],
    [
      0.0,
      2.33402803248821
    ],
    [
      0.0,
      2.4528914060041402
    ],
    [
      0.0,
      2.4802519371416714
    ],
    [
      0.0,
      2.5292582934349634
    ],
    [
      0.0,
      2.9483385505259188
    ],
    [
      0.0,
      3.074102838376051
    ],
    [
      0.0,
      3.3325651269173497
    ],
    [
      0.0,
      3.6777591879859433
    ],
    [
      0.0,
      4.0029686458127935
    ]
  ],
  "filtration_max": 4.472614243942602
}